"j","EQD","Wadsworth","Northrop"
0,0.21428181740116,0.248941706360628,0.224969002107882
1,0.430043217627799,0.537467662328557,0.46071042929493
2,0.702712727155838,0.89633963551545,0.764683728221366
